{"proxies":{"it.libemax.utility.ExampleProxy":{"superPackageName":"org.appcelerator.titanium.proxy","methods":{"printMessage":{"runOnUiThread":false,"hasInvocation":false,"args":[{"converter":"org.appcelerator.kroll.KrollConverter","defaultValueProvider":"org.appcelerator.kroll.KrollConverter","name":"message","sourceName":"message","type":"java.lang.String"}],"apiName":"printMessage","converter":"org.appcelerator.kroll.KrollConverter","defaultValueProvider":"org.appcelerator.kroll.KrollConverter","name":"__default_name__","returnType":"void"},"getMessage":{"runOnUiThread":false,"hasInvocation":false,"args":[],"apiName":"getMessage","converter":"org.appcelerator.kroll.KrollConverter","defaultValueProvider":"org.appcelerator.kroll.KrollConverter","name":"__default_name__","returnType":"java.lang.String"},"setMessage":{"runOnUiThread":false,"hasInvocation":false,"args":[{"converter":"org.appcelerator.kroll.KrollConverter","defaultValueProvider":"org.appcelerator.kroll.KrollConverter","name":"message","sourceName":"message","type":"java.lang.String"}],"apiName":"setMessage","converter":"org.appcelerator.kroll.KrollConverter","defaultValueProvider":"org.appcelerator.kroll.KrollConverter","name":"__default_name__","returnType":"void"}},"dynamicProperties":{"message":{"set":true,"nativeConverter":"org.appcelerator.kroll.KrollConverter","getMethodName":"getMessage","setMethodName":"setMessage","setMethodArgs":[{"converter":"org.appcelerator.kroll.KrollConverter","defaultValueProvider":"org.appcelerator.kroll.KrollConverter","name":"message","sourceName":"message","type":"java.lang.String"}],"setDefaultProviders":["org.appcelerator.kroll.KrollConverter"],"converter":"org.appcelerator.kroll.KrollConverter","defaultValueProvider":"org.appcelerator.kroll.KrollConverter","retain":true,"javascriptConverter":"org.appcelerator.kroll.KrollConverter","getHasInvocation":false,"runOnUiThread":false,"getMethodArgs":[],"getReturnType":"java.lang.String","setReturnType":"void","get":true,"name":"message","setHasInvocation":false,"getDefaultProviders":[]}},"superProxyBindingClassName":"org.appcelerator.titanium.proxy.TiViewProxyBindingGen","proxyClassName":"ExampleProxy","proxyAttrs":{"propertyAccessors":[],"fullAPIName":"LibemaxUtils.Example","name":"Example","proxyClassName":"it.libemax.utility.ExampleProxy","isTopLevel":false,"id":"it.libemax.utility.ExampleProxy","creatableInModule":"it.libemax.utility.LibemaxUtilsModule","parentModule":"org.appcelerator.kroll.annotations.Kroll.DEFAULT"},"packageName":"it.libemax.utility","sourceName":"it.libemax.utility.ExampleProxyBindingGen","isTitaniumSdk":false,"superProxyClassName":"TiViewProxy","isModule":false,"genClassName":"ExampleProxyBindingGen"},"it.libemax.utility.LibemaxUtilsModule":{"superPackageName":"org.appcelerator.kroll","methods":{"isMobileDataOn":{"runOnUiThread":false,"hasInvocation":false,"args":[],"apiName":"isMobileDataOn","converter":"org.appcelerator.kroll.KrollConverter","defaultValueProvider":"org.appcelerator.kroll.KrollConverter","name":"__default_name__","returnType":"boolean"},"getLastBestLocation":{"runOnUiThread":false,"hasInvocation":false,"args":[],"apiName":"getLastBestLocation","converter":"org.appcelerator.kroll.KrollConverter","defaultValueProvider":"org.appcelerator.kroll.KrollConverter","name":"__default_name__","returnType":"long"},"isAirplaneModeOn":{"runOnUiThread":false,"hasInvocation":false,"args":[],"apiName":"isAirplaneModeOn","converter":"org.appcelerator.kroll.KrollConverter","defaultValueProvider":"org.appcelerator.kroll.KrollConverter","name":"__default_name__","returnType":"boolean"},"imageWithRotation":{"runOnUiThread":false,"hasInvocation":false,"args":[{"converter":"org.appcelerator.kroll.KrollConverter","defaultValueProvider":"org.appcelerator.kroll.KrollConverter","name":"blob","sourceName":"blob","type":"org.appcelerator.titanium.TiBlob"},{"converter":"org.appcelerator.kroll.KrollConverter","defaultValueProvider":"org.appcelerator.kroll.KrollConverter","name":"args","sourceName":"args","type":"java.util.HashMap"}],"apiName":"imageWithRotation","converter":"org.appcelerator.kroll.KrollConverter","defaultValueProvider":"org.appcelerator.kroll.KrollConverter","name":"__default_name__","returnType":"org.appcelerator.titanium.TiBlob"},"isFusoOrarioAutomatico":{"runOnUiThread":false,"hasInvocation":false,"args":[],"apiName":"isFusoOrarioAutomatico","converter":"org.appcelerator.kroll.KrollConverter","defaultValueProvider":"org.appcelerator.kroll.KrollConverter","name":"__default_name__","returnType":"boolean"},"isWiFiOn":{"runOnUiThread":false,"hasInvocation":false,"args":[],"apiName":"isWiFiOn","converter":"org.appcelerator.kroll.KrollConverter","defaultValueProvider":"org.appcelerator.kroll.KrollConverter","name":"__default_name__","returnType":"boolean"},"isDataOraAutomatica":{"runOnUiThread":false,"hasInvocation":false,"args":[],"apiName":"isDataOraAutomatica","converter":"org.appcelerator.kroll.KrollConverter","defaultValueProvider":"org.appcelerator.kroll.KrollConverter","name":"__default_name__","returnType":"boolean"},"isMockSettingsON":{"runOnUiThread":false,"hasInvocation":false,"args":[],"apiName":"isMockSettingsON","converter":"org.appcelerator.kroll.KrollConverter","defaultValueProvider":"org.appcelerator.kroll.KrollConverter","name":"__default_name__","returnType":"boolean"},"getDefaultTimezone":{"runOnUiThread":false,"hasInvocation":false,"args":[],"apiName":"getDefaultTimezone","converter":"org.appcelerator.kroll.KrollConverter","defaultValueProvider":"org.appcelerator.kroll.KrollConverter","name":"__default_name__","returnType":"java.lang.String"},"getSafeAreaInsets":{"runOnUiThread":false,"hasInvocation":false,"args":[],"apiName":"getSafeAreaInsets","converter":"org.appcelerator.kroll.KrollConverter","defaultValueProvider":"org.appcelerator.kroll.KrollConverter","name":"__default_name__","returnType":"org.appcelerator.kroll.KrollDict"}},"superProxyBindingClassName":"org.appcelerator.kroll.KrollModuleBindingGen","proxyClassName":"LibemaxUtilsModule","proxyAttrs":{"propertyAccessors":[],"fullAPIName":"LibemaxUtils","name":"LibemaxUtils","proxyClassName":"it.libemax.utility.LibemaxUtilsModule","isTopLevel":false,"id":"it.libemax.utility"},"packageName":"it.libemax.utility","sourceName":"it.libemax.utility.LibemaxUtilsModuleBindingGen","isTitaniumSdk":false,"superProxyClassName":"KrollModule","isModule":true,"genClassName":"LibemaxUtilsModuleBindingGen","onAppCreate":"onAppCreate"}},"modules":{"it.libemax.utility.LibemaxUtilsModule":{"apiName":"LibemaxUtils","createProxies":[{"propertyAccessors":[],"fullAPIName":"LibemaxUtils.Example","name":"Example","proxyClassName":"it.libemax.utility.ExampleProxy","isTopLevel":false,"id":"it.libemax.utility.ExampleProxy","creatableInModule":"it.libemax.utility.LibemaxUtilsModule","parentModule":"org.appcelerator.kroll.annotations.Kroll.DEFAULT"}]}}}